{
    "fold_1": 91.55709342560554,
    "fold_2": 95.17877739331027,
    "fold_3": 91.46285186894325,
    "fold_4": 91.0244577757268,
    "fold_5": 91.13982464236271
}