{
    "fold_1": 95.59400230680507,
    "fold_2": 96.88581314878893,
    "fold_3": 96.76972773419475,
    "fold_4": 93.42408860175357,
    "fold_5": 96.51592062759575
}